{
    "model": [
        {
            "layer 0": {
                "inputs": 1,
                "outputs": 10,
                "activation": "sigmoid",
                "weights": [
                    [
                        0.7318816527853544,
                        -1.7394511017520105,
                        1.5241371385576885,
                        0.7179444470386411,
                        1.9276763723624466,
                        1.3328448389251177,
                        1.110275487555067,
                        -1.5695642356953114,
                        1.5356465512805357,
                        -1.538351182190353
                    ]
                ],
                "bias": [
                    [
                        4.026247502903276,
                        0.9107277739937557,
                        5.5841099996109635,
                        -4.3408584281433455,
                        1.5350779690534795,
                        1.7725372799087507,
                        -1.3706987598595928,
                        -0.16249538897228105,
                        0.24620133840343325,
                        5.542779038534994
                    ]
                ]
            }
        },
        {
            "layer 1": {
                "inputs": 10,
                "outputs": 1,
                "activation": "linear",
                "weights": [
                    [
                        5.58014885499728
                    ],
                    [
                        -4.767567297575721
                    ],
                    [
                        -3.8560855193379595
                    ],
                    [
                        5.563585007410638
                    ],
                    [
                        3.9336697495908077
                    ],
                    [
                        -2.8421869382604785
                    ],
                    [
                        -2.935432827679577
                    ],
                    [
                        0.6099710399184354
                    ],
                    [
                        -1.91247433456514
                    ],
                    [
                        3.361128752448395
                    ]
                ],
                "bias": [
                    [
                        -1.087855222605369
                    ]
                ]
            }
        }
    ]
}